engaged,la,ra,lh,rh,head,body
disengaged,la blind,ra blind,lh blind,rh blind,head blind,body still
disengaged,la blind,ra blind,lh blind,rh blind,head blind,body still
disengaged,la blind,ra blind,lh blind,rh blind,head blind,body still
disengaged,la blind,ra blind,lh blind,rh blind,head blind,body still
disengaged,la blind,ra blind,lh blind,rh blind,head blind,body still
disengaged,la blind,ra blind,lh blind,rh blind,head blind,body still
disengaged,la blind,ra blind,lh blind,rh blind,head blind,body still
disengaged,la blind,ra blind,lh blind,rh blind,head blind,body still
disengaged,la blind,ra blind,lh blind,rh blind,head blind,body still
disengaged,la blind,ra blind,lh blind,rh blind,head blind,body still
disengaged,la blind,ra blind,lh blind,rh blind,head blind,body still
disengaged,la blind,ra blind,lh blind,rh blind,head blind,body still
disengaged,la blind,ra blind,lh blind,rh blind,head blind,body still
disengaged,la blind,ra blind,lh blind,rh blind,head blind,body still
disengaged,la blind,ra blind,lh blind,rh blind,head blind,body still
disengaged,la blind,ra blind,lh blind,rh blind,head blind,body still
disengaged,la blind,ra blind,lh blind,rh blind,head blind,body still
disengaged,la blind,ra blind,lh blind,rh blind,head blind,body still
disengaged,la blind,ra blind,lh blind,rh blind,head blind,body still
disengaged,la blind,ra blind,lh blind,rh blind,head blind,body still
disengaged,la blind,ra blind,lh blind,rh blind,head blind,body still
disengaged,la blind,ra blind,lh blind,rh blind,head blind,body still
disengaged,la blind,ra blind,lh blind,rh blind,head blind,body still
disengaged,la blind,ra blind,lh blind,rh blind,head blind,body still
disengaged,la blind,ra blind,lh blind,rh blind,head blind,body still
disengaged,la blind,ra blind,lh blind,rh blind,head blind,body still
disengaged,la blind,ra blind,lh blind,rh blind,head blind,body still
disengaged,la blind,ra blind,lh blind,rh blind,head blind,body still
disengaged,la blind,ra blind,lh blind,rh blind,head blind,body still
disengaged,la blind,ra blind,lh blind,rh blind,head blind,body still
disengaged,la blind,ra blind,lh blind,rh blind,head blind,body still
disengaged,la blind,ra blind,lh blind,rh blind,head blind,body still
disengaged,la blind,ra blind,lh blind,rh blind,head blind,body still
disengaged,la blind,ra blind,lh blind,rh blind,head blind,body still
disengaged,la blind,ra blind,lh blind,rh blind,head blind,body still
disengaged,la blind,ra blind,lh blind,rh blind,head blind,body still
disengaged,la blind,ra blind,lh blind,rh blind,head blind,body still
disengaged,la blind,ra blind,lh blind,rh blind,head blind,body still
disengaged,la blind,ra blind,lh blind,rh blind,head blind,body still
disengaged,la blind,ra blind,lh blind,rh blind,head blind,body still
disengaged,la blind,ra blind,lh blind,rh blind,head blind,body still
disengaged,la blind,ra blind,lh blind,rh blind,head blind,body still
disengaged,la blind,ra blind,lh blind,rh blind,head blind,body still
disengaged,la blind,ra blind,lh blind,rh blind,head blind,body still
disengaged,la blind,ra blind,lh blind,rh blind,head blind,body still
disengaged,la blind,ra blind,lh blind,rh blind,head blind,body still
disengaged,la blind,ra blind,lh blind,rh blind,head blind,body still
disengaged,la blind,ra blind,lh blind,rh blind,head blind,body still
disengaged,la blind,ra blind,lh blind,rh blind,head blind,body still
disengaged,la blind,ra blind,lh blind,rh blind,head blind,body still
disengaged,la blind,ra blind,lh blind,rh blind,head blind,body still
disengaged,la blind,ra blind,lh blind,rh blind,head blind,body still
disengaged,la blind,ra blind,lh blind,rh blind,head blind,body still
disengaged,la blind,ra blind,lh blind,rh blind,head blind,body still
disengaged,la blind,ra blind,lh blind,rh blind,head blind,body still
disengaged,la blind,ra blind,lh blind,rh blind,head blind,body still
disengaged,la blind,ra blind,lh blind,rh blind,head blind,body still
disengaged,la blind,ra blind,lh blind,rh blind,head blind,body still
disengaged,la blind,ra blind,lh blind,rh blind,head blind,body still
disengaged,la blind,ra blind,lh blind,rh blind,head blind,body still
disengaged,la blind,ra blind,lh blind,rh blind,head blind,body still
disengaged,la blind,ra blind,lh blind,rh blind,head blind,body still
disengaged,la blind,ra blind,lh blind,rh blind,head blind,body still
disengaged,la blind,ra blind,lh blind,rh blind,head blind,body still
disengaged,la blind,ra blind,lh blind,rh blind,head blind,body still
disengaged,la blind,ra blind,lh blind,rh blind,head blind,body still
disengaged,la blind,ra blind,lh blind,rh blind,head blind,body still
disengaged,la blind,ra blind,lh blind,rh blind,head blind,body still
disengaged,la blind,ra blind,lh blind,rh blind,head blind,body still
disengaged,la blind,ra blind,lh blind,rh blind,head blind,body still
disengaged,la blind,ra blind,lh blind,rh blind,head blind,body still
disengaged,la blind,ra blind,lh blind,rh blind,head blind,body still
disengaged,la blind,ra blind,lh blind,rh blind,head blind,body still
disengaged,la blind,ra blind,lh blind,rh blind,head blind,body still
disengaged,la blind,ra blind,lh blind,rh blind,head blind,body still
disengaged,la blind,ra blind,lh blind,rh blind,head blind,body still
disengaged,la blind,ra blind,lh blind,rh blind,head blind,body still
disengaged,la blind,ra blind,lh blind,rh blind,head blind,body still
disengaged,la blind,ra blind,lh blind,rh blind,head blind,body still
disengaged,la blind,ra blind,lh blind,rh blind,head blind,body still
disengaged,la blind,ra blind,lh blind,rh blind,head blind,body still
disengaged,la blind,ra blind,lh blind,rh blind,head blind,body still
disengaged,la blind,ra blind,lh blind,rh blind,head blind,body still
disengaged,la blind,ra blind,lh blind,rh blind,head blind,body still
engaged,la still,ra still,lh other,rh other,head blind,body still
engaged,la still,ra still,lh other,rh other,head blind,body still
engaged,la still,ra still,lh other,rh other,head blind,body still
engaged,la still,ra still,lh other,rh other,head blind,body still
engaged,la still,ra still,lh other,rh other,head blind,body still
engaged,la still,ra still,lh other,rh other,head blind,body still
engaged,la still,ra still,lh other,rh other,head blind,body still
engaged,la still,ra still,lh other,rh other,head blind,body still
engaged,la still,ra still,lh other,rh other,head blind,body still
engaged,la still,ra still,lh other,rh other,head blind,body still
engaged,la still,ra still,lh other,rh other,head blind,body still
engaged,la still,ra still,lh other,rh other,head blind,body still
engaged,la still,ra still,lh other,rh other,head blind,body still
engaged,la still,ra still,lh other,rh other,head blind,body still
engaged,la still,ra still,lh other,rh other,head blind,body still
engaged,la still,ra still,lh other,rh other,head blind,body still
engaged,la still,ra still,lh other,rh other,head blind,body still
engaged,la still,ra still,lh other,rh other,head blind,body still
engaged,la still,ra still,lh other,rh other,head blind,body still
engaged,la still,ra still,lh other,rh other,head blind,body still
engaged,la still,ra still,lh other,rh other,head blind,body still
engaged,la still,ra still,lh other,rh other,head blind,body still
engaged,la still,ra still,lh other,rh other,head blind,body still
engaged,la still,ra still,lh other,rh other,head blind,body still
engaged,la still,ra still,lh other,rh other,head blind,body still
engaged,la still,ra still,lh other,rh other,head blind,body still
engaged,la still,ra still,lh other,rh other,head blind,body still
engaged,la still,ra still,lh other,rh other,head blind,body still
engaged,la still,ra still,lh other,rh other,head blind,body still
engaged,la still,ra still,lh other,rh other,head other,body still
engaged,la still,ra still,lh other,rh other,head other,body still
engaged,la still,ra still,lh other,rh other,head other,body still
engaged,la still,ra still,lh other,rh other,head other,body still
engaged,la still,ra still,lh other,rh other,head other,body still
engaged,la still,ra still,lh other,rh other,head other,body still
engaged,la still,ra still,lh other,rh other,head other,body still
engaged,la still,ra still,lh other,rh other,head other,body still
engaged,la still,ra still,lh other,rh other,head other,body still
engaged,la still,ra still,lh other,rh other,head other,body still
engaged,la still,ra still,lh other,rh other,head other,body still
engaged,la still,ra still,lh other,rh other,head other,body still
engaged,la still,ra still,lh other,rh other,head other,body still
engaged,la still,ra still,lh other,rh other,head other,body still
engaged,la still,ra still,lh other,rh other,head other,body still
engaged,la still,ra still,lh other,rh other,head other,body still
engaged,la still,ra still,lh other,rh other,head other,body still
engaged,la still,ra still,lh other,rh other,head other,body still
engaged,la still,ra still,lh other,rh other,head other,body still
engaged,la still,ra still,lh other,rh other,head other,body still
engaged,la still,ra still,lh other,rh other,head other,body still
engaged,la still,ra still,lh other,rh other,head other,body still
engaged,la still,ra still,lh other,rh other,head other,body still
engaged,la still,ra still,lh other,rh other,head other,body still
engaged,la still,ra still,lh other,rh other,head other,body still
engaged,la still,ra still,lh other,rh other,head other,body still
engaged,la still,ra still,lh other,rh other,head other,body still
engaged,la still,ra still,lh other,rh other,head other,body still
engaged,la still,ra still,lh other,rh other,head other,body still
engaged,la still,ra still,lh other,rh other,head other,body still
engaged,la still,ra still,lh other,rh other,head other,body still
engaged,la still,ra still,lh other,rh other,head other,body still
engaged,la still,ra still,lh other,rh other,head other,body still
engaged,la still,ra still,lh other,rh other,head other,body still
engaged,la still,ra still,lh other,rh other,head other,body still
engaged,la still,ra still,lh other,rh other,head other,body still
engaged,la still,ra still,lh other,rh other,head other,body still
engaged,la still,ra still,lh other,rh other,head other,body still
engaged,la still,ra still,lh other,rh other,head other,body still
engaged,la still,ra still,lh other,rh open back,head other,body still
engaged,la still,ra still,lh other,rh open back,head other,body still
engaged,la still,ra still,lh other,rh open back,head other,body still
engaged,la still,ra still,lh other,rh open left,head shake,body still
engaged,la still,ra still,lh other,rh closed front,head shake,body still
engaged,la still,ra still,lh other,rh closed front,head shake,body still
engaged,la still,ra still,lh other,rh closed front,head other,body still
engaged,la still,ra still,lh other,rh closed front,head other,body still
engaged,la still,ra still,lh other,rh stop,head other,body still
engaged,la still,ra still,lh other,rh stop,head other,body still
engaged,la still,ra still,lh other,rh stop,head other,body still
engaged,la still,ra still,lh other,rh stop,head other,body still
engaged,la still,ra still,lh other,rh stop,head other,body still
engaged,la still,ra still,lh other,rh five front,head other,body still
engaged,la still,ra still,lh other,rh five front,head other,body still
engaged,la still,ra still,lh other,rh five front,head other,body still
engaged,la still,ra still,lh other,rh five front,head other,body still
engaged,la still,ra wave,lh other,rh five front,head other,body still
engaged,la blind,ra wave,lh other,rh stop,head other,body still
engaged,la blind,ra wave,lh other,rh stop,head other,body still
engaged,la blind,ra wave,lh other,rh stop,head other,body still
engaged,la blind,ra wave,lh other,rh stop,head other,body still
engaged,la blind,ra wave,lh other,rh closed front,head other,body still
engaged,la blind,ra wave,lh other,rh closed front,head other,body still
engaged,la blind,ra wave,lh other,rh closed front,head other,body still
engaged,la blind,ra wave,lh other,rh closed front,head other,body still
engaged,la blind,ra wave,lh other,rh closed front,head other,body still
engaged,la blind,ra wave,lh other,rh five front,head other,body still
engaged,la blind,ra wave,lh other,rh five front,head other,body still
engaged,la blind,ra wave,lh other,rh five front,head other,body still
engaged,la blind,ra wave,lh other,rh five front,head other,body still
engaged,la blind,ra wave,lh other,rh five front,head other,body still
engaged,la blind,ra wave,lh other,rh five front,head other,body still
engaged,la blind,ra wave,lh other,rh five front,head other,body still
engaged,la blind,ra wave,lh other,rh five front,head other,body still
engaged,la blind,ra wave,lh other,rh five front,head other,body still
engaged,la blind,ra wave,lh other,rh five front,head other,body still
engaged,la blind,ra wave,lh other,rh five front,head other,body still
engaged,la blind,ra wave,lh other,rh stop,head other,body still
engaged,la blind,ra wave,lh other,rh stop,head other,body still
engaged,la blind,ra wave,lh other,rh stop,head other,body still
engaged,la blind,ra wave,lh other,rh fist,head other,body still
engaged,la blind,ra wave,lh other,rh inch,head other,body still
engaged,la blind,ra still,lh other,rh inch,head other,body still
engaged,la blind,ra still,lh other,rh fist,head other,body still
engaged,la blind,ra still,lh other,rh fist,head other,body still
engaged,la blind,ra still,lh other,rh fist,head other,body still
engaged,la blind,ra blind,lh other,rh fist,head other,body still
engaged,la blind,ra blind,lh other,rh fist,head other,body still
engaged,la blind,ra blind,lh other,rh other,head other,body still
engaged,la blind,ra blind,lh other,rh other,head other,body still
engaged,la blind,ra blind,lh other,rh other,head other,body still
engaged,la blind,ra blind,lh other,rh other,head other,body still
engaged,la blind,ra blind,lh other,rh other,head other,body still
engaged,la blind,ra blind,lh other,rh other,head other,body still
engaged,la blind,ra blind,lh other,rh other,head other,body still
engaged,la blind,ra blind,lh other,rh other,head other,body still
engaged,la blind,ra blind,lh other,rh other,head other,body still
engaged,la blind,ra blind,lh other,rh other,head other,body still
engaged,la still,ra blind,lh other,rh other,head other,body still
engaged,la still,ra blind,lh other,rh other,head other,body still
engaged,la still,ra blind,lh other,rh other,head other,body still
engaged,la still,ra blind,lh other,rh other,head other,body still
engaged,la still,ra blind,lh other,rh other,head other,body still
engaged,la still,ra blind,lh other,rh other,head other,body still
engaged,la still,ra blind,lh other,rh other,head other,body still
engaged,la still,ra blind,lh other,rh other,head other,body still
engaged,la still,ra blind,lh other,rh other,head other,body still
engaged,la still,ra blind,lh other,rh other,head other,body still
engaged,la still,ra blind,lh other,rh other,head other,body still
engaged,la still,ra blind,lh other,rh other,head other,body still
engaged,la still,ra blind,lh other,rh other,head other,body still
engaged,la still,ra blind,lh other,rh other,head other,body still
engaged,la still,ra blind,lh other,rh other,head other,body still
engaged,la still,ra blind,lh other,rh other,head other,body still
engaged,la still,ra blind,lh other,rh other,head other,body still
engaged,la still,ra blind,lh other,rh other,head other,body still
engaged,la still,ra blind,lh other,rh other,head other,body still
engaged,la still,ra blind,lh other,rh other,head other,body still
engaged,la still,ra blind,lh other,rh thumbs up,head other,body still
engaged,la still,ra blind,lh other,rh thumbs down,head other,body still
engaged,la still,ra blind,lh other,rh thumbs up,head other,body still
engaged,la still,ra blind,lh other,rh thumbs up,head other,body still
engaged,la still,ra blind,lh other,rh thumbs up,head other,body still
engaged,la still,ra blind,lh other,rh thumbs up,head other,body still
engaged,la still,ra blind,lh other,rh thumbs up,head other,body still
engaged,la still,ra blind,lh other,rh thumbs up,head other,body still
engaged,la still,ra blind,lh other,rh thumbs up,head other,body still
engaged,la blind,ra blind,lh other,rh thumbs up,head other,body still
engaged,la blind,ra blind,lh other,rh thumbs up,head other,body still
engaged,la blind,ra blind,lh other,rh thumbs up,head other,body still
engaged,la blind,ra still,lh other,rh thumbs up,head other,body still
engaged,la blind,ra still,lh other,rh thumbs up,head other,body still
engaged,la blind,ra still,lh other,rh thumbs up,head other,body still
engaged,la blind,ra still,lh other,rh thumbs up,head other,body still
engaged,la blind,ra still,lh other,rh thumbs up,head other,body still
engaged,la blind,ra still,lh other,rh thumbs up,head other,body still
engaged,la blind,ra still,lh other,rh thumbs up,head other,body still
engaged,la blind,ra still,lh other,rh thumbs up,head other,body still
engaged,la blind,ra still,lh other,rh thumbs up,head other,body still
engaged,la blind,ra still,lh other,rh thumbs up,head other,body still
engaged,la blind,ra still,lh other,rh thumbs up,head other,body still
engaged,la blind,ra still,lh other,rh thumbs up,head other,body still
engaged,la blind,ra still,lh other,rh thumbs up,head other,body still
engaged,la blind,ra still,lh other,rh inch,head other,body still
engaged,la blind,ra still,lh other,rh fist,head other,body still
engaged,la blind,ra still,lh other,rh fist,head other,body still
engaged,la blind,ra still,lh other,rh fist,head other,body still
engaged,la blind,ra still,lh other,rh fist,head other,body still
engaged,la blind,ra blind,lh other,rh other,head other,body still
engaged,la blind,ra blind,lh other,rh other,head other,body still
engaged,la blind,ra blind,lh other,rh other,head other,body still
engaged,la blind,ra blind,lh other,rh other,head other,body still
engaged,la blind,ra blind,lh other,rh other,head other,body still
engaged,la blind,ra blind,lh other,rh other,head other,body still
engaged,la blind,ra blind,lh other,rh other,head other,body still
engaged,la blind,ra blind,lh other,rh other,head other,body still
engaged,la still,ra blind,lh other,rh other,head other,body still
engaged,la still,ra blind,lh other,rh other,head other,body still
engaged,la still,ra blind,lh other,rh other,head other,body still
engaged,la still,ra blind,lh other,rh other,head other,body still
engaged,la still,ra blind,lh other,rh other,head other,body still
engaged,la still,ra blind,lh other,rh other,head other,body still
engaged,la still,ra blind,lh other,rh other,head other,body still
engaged,la still,ra blind,lh other,rh other,head other,body still
engaged,la still,ra blind,lh other,rh other,head other,body still
engaged,la still,ra blind,lh other,rh other,head other,body still
engaged,la still,ra blind,lh other,rh other,head other,body still
engaged,la still,ra blind,lh other,rh other,head other,body still
engaged,la still,ra blind,lh other,rh other,head other,body still
engaged,la still,ra blind,lh other,rh other,head other,body still
engaged,la still,ra blind,lh other,rh other,head other,body still
engaged,la still,ra blind,lh other,rh other,head other,body still
engaged,la still,ra blind,lh other,rh other,head other,body still
engaged,la still,ra blind,lh other,rh closed back,head other,body still
engaged,la still,ra blind,lh other,rh closed back,head other,body still
engaged,la still,ra blind,lh other,rh closed back,head other,body still
engaged,la still,ra blind,lh other,rh closed back,head other,body still
engaged,la still,ra blind,lh other,rh closed back,head other,body still
engaged,la still,ra blind,lh other,rh closed back,head other,body still
engaged,la still,ra blind,lh other,rh closed back,head other,body still
engaged,la still,ra blind,lh other,rh closed back,head other,body still
engaged,la still,ra blind,lh other,rh closed back,head other,body still
engaged,la still,ra blind,lh other,rh other,head other,body still
engaged,la still,ra blind,lh other,rh other,head other,body still
engaged,la still,ra blind,lh other,rh other,head other,body still
engaged,la still,ra blind,lh other,rh other,head other,body still
engaged,la still,ra blind,lh other,rh other,head other,body still
engaged,la still,ra blind,lh other,rh other,head other,body still
engaged,la still,ra blind,lh other,rh other,head other,body still
engaged,la blind,ra blind,lh other,rh other,head other,body still
engaged,la still,ra blind,lh other,rh other,head other,body still
engaged,la blind,ra blind,lh other,rh other,head other,body still
engaged,la blind,ra blind,lh other,rh other,head other,body still
engaged,la blind,ra blind,lh other,rh other,head other,body still
engaged,la blind,ra blind,lh other,rh other,head other,body still
engaged,la blind,ra blind,lh other,rh other,head other,body still
engaged,la blind,ra blind,lh other,rh other,head other,body still
engaged,la blind,ra still,lh other,rh closed back,head other,body still
engaged,la blind,ra blind,lh other,rh closed left,head other,body still
engaged,la blind,ra blind,lh other,rh closed left,head other,body still
engaged,la blind,ra blind,lh other,rh closed left,head other,body still
engaged,la blind,ra blind,lh other,rh open left,head other,body still
engaged,la blind,ra blind,lh other,rh closed left,head other,body still
engaged,la blind,ra blind,lh other,rh closed left,head other,body still
engaged,la blind,ra blind,lh other,rh open left,head other,body still
engaged,la blind,ra blind,lh other,rh closed left,head other,body still
engaged,la blind,ra blind,lh other,rh closed left,head other,body still
engaged,la blind,ra blind,lh other,rh closed front,head other,body still
engaged,la blind,ra blind,lh other,rh closed front,head other,body still
engaged,la blind,ra blind,lh other,rh closed front,head other,body still
engaged,la blind,ra blind,lh other,rh closed front,head other,body still
engaged,la blind,ra still,lh other,rh closed front,head other,body still
engaged,la blind,ra still,lh other,rh closed front,head other,body still
engaged,la blind,ra still,lh other,rh closed front,head other,body still
engaged,la blind,ra still,lh other,rh closed left,head other,body still
engaged,la blind,ra still,lh other,rh closed left,head other,body still
engaged,la blind,ra still,lh other,rh closed left,head other,body still
engaged,la blind,ra still,lh other,rh closed left,head other,body still
engaged,la blind,ra still,lh other,rh closed left,head other,body still
engaged,la blind,ra still,lh other,rh closed left,head other,body still
engaged,la blind,ra still,lh other,rh closed left,head other,body still
engaged,la blind,ra still,lh other,rh closed left,head other,body still
engaged,la blind,ra still,lh other,rh closed left,head other,body still
engaged,la blind,ra still,lh other,rh closed left,head other,body still
engaged,la blind,ra still,lh other,rh closed left,head other,body still
engaged,la blind,ra still,lh other,rh closed left,head other,body still
engaged,la blind,ra still,lh other,rh closed left,head other,body still
engaged,la blind,ra still,lh other,rh closed left,head other,body still
engaged,la blind,ra still,lh other,rh closed left,head other,body still
engaged,la blind,ra still,lh other,rh closed left,head other,body still
engaged,la blind,ra still,lh other,rh closed left,head other,body still
engaged,la blind,ra still,lh other,rh closed left,head other,body still
engaged,la blind,ra still,lh other,rh closed left,head other,body still
engaged,la blind,ra still,lh other,rh closed left,head other,body still
engaged,la blind,ra still,lh other,rh closed left,head other,body still
engaged,la blind,ra still,lh other,rh closed left,head other,body still
engaged,la blind,ra still,lh other,rh closed left,head other,body still
engaged,la blind,ra still,lh other,rh closed left,head other,body still
engaged,la blind,ra still,lh other,rh closed back,head other,body still
engaged,la blind,ra still,lh other,rh closed back,head other,body still
engaged,la blind,ra still,lh other,rh closed back,head other,body still
engaged,la blind,ra still,lh other,rh claw left,head other,body still
engaged,la blind,ra still,lh other,rh fist,head other,body still
engaged,la blind,ra still,lh other,rh open back,head other,body still
engaged,la blind,ra still,lh other,rh fist,head other,body still
engaged,la blind,ra still,lh other,rh closed back,head other,body still
engaged,la blind,ra still,lh other,rh other,head other,body still
engaged,la blind,ra still,lh other,rh other,head other,body still
engaged,la blind,ra still,lh other,rh other,head other,body still
engaged,la blind,ra blind,lh other,rh other,head other,body still
engaged,la blind,ra blind,lh other,rh other,head other,body still
engaged,la blind,ra blind,lh other,rh other,head other,body still
engaged,la blind,ra blind,lh other,rh other,head other,body still
engaged,la blind,ra blind,lh other,rh other,head other,body still
engaged,la blind,ra blind,lh other,rh other,head other,body still
engaged,la blind,ra blind,lh other,rh other,head other,body still
engaged,la blind,ra blind,lh other,rh other,head other,body still
engaged,la blind,ra blind,lh other,rh other,head other,body still
engaged,la blind,ra blind,lh other,rh other,head other,body still
engaged,la blind,ra blind,lh other,rh other,head other,body still
engaged,la blind,ra blind,lh other,rh other,head other,body still
engaged,la blind,ra blind,lh other,rh other,head other,body still
engaged,la blind,ra blind,lh other,rh other,head other,body still
engaged,la blind,ra blind,lh other,rh other,head other,body still
engaged,la still,ra blind,lh other,rh other,head other,body still
engaged,la still,ra blind,lh other,rh other,head other,body still
engaged,la still,ra still,lh other,rh other,head other,body still
engaged,la still,ra still,lh other,rh other,head other,body still
engaged,la still,ra blind,lh other,rh other,head other,body still
engaged,la still,ra blind,lh other,rh other,head other,body still
engaged,la still,ra blind,lh other,rh other,head other,body still
engaged,la still,ra blind,lh closed right,rh other,head other,body still
engaged,la still,ra blind,lh thumbs down,rh other,head other,body still
engaged,la still,ra blind,lh closed right,rh other,head other,body still
engaged,la still,ra blind,lh closed right,rh other,head other,body still
engaged,la still,ra blind,lh closed right,rh other,head other,body still
engaged,la still,ra blind,lh closed right,rh other,head other,body still
engaged,la still,ra blind,lh closed right,rh other,head other,body still
engaged,la still,ra blind,lh closed right,rh other,head other,body still
engaged,la still,ra blind,lh closed right,rh other,head other,body still
engaged,la blind,ra blind,lh closed right,rh other,head other,body still
engaged,la blind,ra blind,lh closed front,rh other,head other,body still
engaged,la still,ra blind,lh closed front,rh other,head other,body still
engaged,la still,ra blind,lh closed right,rh other,head other,body still
engaged,la still,ra blind,lh closed right,rh other,head other,body still
engaged,la still,ra blind,lh closed right,rh other,head other,body still
engaged,la still,ra blind,lh closed right,rh other,head other,body still
engaged,la still,ra blind,lh closed right,rh other,head other,body still
engaged,la still,ra blind,lh closed right,rh other,head other,body still
engaged,la still,ra blind,lh closed right,rh other,head other,body still
engaged,la still,ra blind,lh closed right,rh other,head other,body still
engaged,la still,ra blind,lh closed right,rh other,head other,body still
engaged,la still,ra blind,lh closed right,rh other,head other,body still
engaged,la still,ra blind,lh closed right,rh other,head other,body still
engaged,la still,ra blind,lh closed right,rh other,head other,body still
engaged,la still,ra blind,lh closed right,rh other,head other,body still
engaged,la still,ra blind,lh closed right,rh other,head other,body still
engaged,la still,ra blind,lh closed right,rh other,head other,body still
engaged,la still,ra blind,lh closed right,rh other,head other,body still
engaged,la still,ra blind,lh closed right,rh other,head other,body still
engaged,la still,ra blind,lh closed right,rh other,head other,body still
engaged,la still,ra blind,lh closed right,rh other,head other,body still
engaged,la still,ra blind,lh closed right,rh other,head other,body still
engaged,la still,ra blind,lh closed right,rh other,head other,body still
engaged,la still,ra blind,lh closed right,rh other,head other,body still
engaged,la still,ra blind,lh closed right,rh other,head other,body still
engaged,la still,ra blind,lh closed right,rh other,head other,body still
engaged,la still,ra blind,lh closed right,rh other,head other,body still
engaged,la still,ra blind,lh closed right,rh other,head other,body still
engaged,la still,ra blind,lh closed back,rh other,head other,body still
engaged,la still,ra blind,lh closed back,rh other,head other,body still
engaged,la still,ra blind,lh closed back,rh other,head other,body still
engaged,la still,ra blind,lh closed back,rh other,head other,body still
engaged,la still,ra blind,lh open back,rh other,head other,body still
engaged,la still,ra blind,lh open back,rh other,head other,body still
engaged,la still,ra blind,lh open back,rh other,head other,body still
engaged,la still,ra blind,lh other,rh other,head other,body still
engaged,la still,ra blind,lh other,rh other,head other,body still
engaged,la blind,ra blind,lh other,rh other,head other,body still
engaged,la blind,ra blind,lh other,rh other,head other,body still
engaged,la blind,ra blind,lh other,rh other,head other,body still
engaged,la blind,ra blind,lh other,rh other,head other,body still
engaged,la blind,ra blind,lh other,rh other,head other,body still
engaged,la blind,ra blind,lh other,rh other,head other,body still
engaged,la blind,ra blind,lh other,rh other,head other,body still
engaged,la blind,ra blind,lh other,rh other,head other,body still
engaged,la blind,ra blind,lh other,rh other,head other,body still
engaged,la blind,ra blind,lh other,rh other,head other,body still
engaged,la blind,ra blind,lh other,rh other,head other,body still
engaged,la blind,ra blind,lh other,rh other,head other,body still
engaged,la blind,ra blind,lh other,rh other,head other,body still
engaged,la blind,ra blind,lh other,rh other,head other,body still
engaged,la blind,ra blind,lh other,rh other,head other,body still
engaged,la blind,ra blind,lh other,rh other,head other,body still
engaged,la blind,ra blind,lh other,rh other,head other,body still
engaged,la blind,ra blind,lh other,rh other,head other,body still
engaged,la blind,ra blind,lh other,rh other,head other,body still
engaged,la blind,ra blind,lh other,rh other,head other,body still
engaged,la blind,ra blind,lh other,rh other,head other,body still
engaged,la blind,ra blind,lh other,rh other,head other,body still
engaged,la blind,ra blind,lh other,rh other,head other,body still
engaged,la blind,ra blind,lh other,rh other,head other,body still
engaged,la blind,ra blind,lh other,rh other,head other,body still
engaged,la blind,ra blind,lh other,rh other,head other,body still
engaged,la blind,ra blind,lh other,rh other,head other,body still
engaged,la blind,ra blind,lh other,rh other,head other,body still
engaged,la blind,ra blind,lh other,rh other,head other,body still
engaged,la blind,ra blind,lh other,rh other,head other,body still
engaged,la blind,ra blind,lh other,rh open back,head other,body still
engaged,la blind,ra blind,lh other,rh claw up,head other,body still
engaged,la blind,ra blind,lh other,rh claw up,head other,body still
engaged,la blind,ra blind,lh other,rh beckon,head other,body still
engaged,la blind,ra blind,lh other,rh beckon,head other,body still
engaged,la blind,ra blind,lh other,rh claw up,head other,body still
engaged,la blind,ra blind,lh other,rh beckon,head other,body still
engaged,la blind,ra blind,lh other,rh beckon,head other,body still
engaged,la blind,ra blind,lh other,rh beckon,head other,body still
engaged,la blind,ra blind,lh other,rh beckon,head other,body still
engaged,la blind,ra blind,lh other,rh beckon,head other,body still
engaged,la blind,ra blind,lh other,rh beckon,head other,body still
engaged,la blind,ra blind,lh other,rh beckon,head other,body still
engaged,la blind,ra still,lh other,rh beckon,head other,body still
engaged,la blind,ra still,lh other,rh beckon,head other,body still
engaged,la blind,ra still,lh other,rh beckon,head other,body still
engaged,la blind,ra still,lh other,rh beckon,head other,body still
engaged,la blind,ra still,lh other,rh beckon,head other,body still
engaged,la blind,ra still,lh other,rh beckon,head other,body still
engaged,la blind,ra still,lh other,rh beckon,head other,body still
engaged,la blind,ra still,lh other,rh beckon,head other,body still
engaged,la blind,ra still,lh other,rh beckon,head other,body still
engaged,la blind,ra still,lh other,rh beckon,head other,body still
engaged,la blind,ra still,lh other,rh beckon,head other,body still
engaged,la blind,ra still,lh other,rh beckon,head other,body still
engaged,la blind,ra still,lh other,rh beckon,head other,body still
engaged,la blind,ra still,lh other,rh beckon,head other,body still
engaged,la blind,ra still,lh other,rh beckon,head other,body still
engaged,la blind,ra still,lh other,rh beckon,head other,body still
engaged,la blind,ra still,lh other,rh beckon,head other,body still
engaged,la blind,ra still,lh other,rh beckon,head other,body still
engaged,la blind,ra still,lh other,rh beckon,head other,body still
engaged,la blind,ra still,lh other,rh beckon,head other,body still
engaged,la blind,ra still,lh other,rh beckon,head other,body still
engaged,la blind,ra still,lh other,rh beckon,head other,body still
engaged,la blind,ra still,lh other,rh beckon,head other,body still
engaged,la blind,ra still,lh other,rh beckon,head other,body still
engaged,la blind,ra still,lh other,rh fist,head other,body still
engaged,la blind,ra still,lh other,rh fist,head other,body still
engaged,la blind,ra still,lh other,rh fist,head other,body still
engaged,la blind,ra still,lh other,rh fist,head other,body still
engaged,la blind,ra still,lh other,rh fist,head other,body still
engaged,la blind,ra blind,lh other,rh other,head other,body still
engaged,la blind,ra blind,lh other,rh other,head other,body still
engaged,la blind,ra blind,lh other,rh other,head other,body still
engaged,la blind,ra blind,lh other,rh other,head other,body still
engaged,la blind,ra blind,lh other,rh other,head other,body still
engaged,la blind,ra blind,lh other,rh other,head other,body still
engaged,la blind,ra blind,lh other,rh other,head other,body still
engaged,la blind,ra blind,lh other,rh other,head other,body still
engaged,la blind,ra blind,lh other,rh other,head other,body still
engaged,la blind,ra blind,lh other,rh other,head other,body still
engaged,la blind,ra blind,lh other,rh other,head other,body still
engaged,la blind,ra blind,lh other,rh other,head other,body still
engaged,la blind,ra blind,lh other,rh other,head other,body still
engaged,la blind,ra blind,lh other,rh other,head other,body still
engaged,la blind,ra blind,lh other,rh other,head other,body still
engaged,la blind,ra blind,lh other,rh other,head other,body still
engaged,la blind,ra blind,lh other,rh other,head other,body still
engaged,la blind,ra blind,lh other,rh other,head other,body still
engaged,la blind,ra blind,lh other,rh other,head other,body still
engaged,la blind,ra blind,lh other,rh other,head other,body still
engaged,la blind,ra blind,lh other,rh other,head other,body still
engaged,la blind,ra blind,lh other,rh other,head other,body still
engaged,la blind,ra blind,lh other,rh closed back,head other,body still
engaged,la blind,ra blind,lh other,rh closed back,head other,body still
engaged,la blind,ra blind,lh other,rh closed back,head other,body still
engaged,la blind,ra blind,lh other,rh closed left,head other,body still
engaged,la blind,ra blind,lh other,rh closed left,head other,body still
engaged,la blind,ra blind,lh other,rh closed left,head other,body still
engaged,la blind,ra blind,lh other,rh closed left,head other,body still
engaged,la blind,ra blind,lh other,rh closed front,head other,body still
engaged,la blind,ra blind,lh other,rh closed front,head other,body still
engaged,la blind,ra blind,lh other,rh closed front,head other,body still
engaged,la blind,ra blind,lh other,rh closed front,head other,body still
engaged,la blind,ra blind,lh other,rh closed front,head other,body still
engaged,la blind,ra blind,lh other,rh closed front,head other,body still
engaged,la blind,ra blind,lh other,rh closed front,head other,body still
engaged,la blind,ra blind,lh other,rh closed front,head other,body still
engaged,la blind,ra still,lh other,rh closed left,head other,body still
engaged,la blind,ra still,lh other,rh closed left,head other,body still
engaged,la blind,ra still,lh other,rh closed left,head other,body still
engaged,la blind,ra still,lh other,rh closed left,head other,body still
engaged,la blind,ra still,lh other,rh closed left,head other,body still
engaged,la blind,ra still,lh other,rh closed left,head other,body still
engaged,la blind,ra still,lh other,rh closed left,head other,body still
engaged,la blind,ra still,lh other,rh closed left,head other,body still
engaged,la blind,ra still,lh other,rh closed left,head other,body still
engaged,la blind,ra still,lh other,rh closed left,head other,body still
engaged,la blind,ra still,lh other,rh closed left,head other,body still
engaged,la blind,ra still,lh other,rh closed left,head other,body still
engaged,la blind,ra still,lh other,rh closed left,head other,body still
engaged,la blind,ra still,lh other,rh closed left,head other,body still
engaged,la blind,ra still,lh other,rh closed left,head other,body still
engaged,la blind,ra still,lh other,rh closed left,head other,body still
engaged,la blind,ra still,lh other,rh closed left,head other,body still
engaged,la blind,ra still,lh other,rh closed left,head other,body still
engaged,la blind,ra still,lh other,rh closed left,head other,body still
engaged,la blind,ra still,lh other,rh closed left,head other,body still
engaged,la blind,ra still,lh other,rh closed left,head other,body still
engaged,la blind,ra still,lh other,rh closed back,head other,body still
engaged,la blind,ra still,lh other,rh closed back,head other,body still
engaged,la blind,ra still,lh other,rh claw left,head other,body still
engaged,la blind,ra still,lh other,rh open back,head other,body still
engaged,la blind,ra still,lh other,rh open back,head other,body still
engaged,la blind,ra still,lh other,rh open back,head other,body still
engaged,la blind,ra still,lh other,rh open back,head other,body still
engaged,la blind,ra still,lh other,rh fist,head other,body still
engaged,la blind,ra still,lh other,rh fist,head other,body still
engaged,la blind,ra blind,lh other,rh fist,head other,body still
engaged,la blind,ra blind,lh other,rh other,head other,body still
engaged,la blind,ra blind,lh other,rh other,head other,body still
engaged,la blind,ra blind,lh other,rh other,head other,body still
engaged,la blind,ra blind,lh other,rh other,head other,body still
engaged,la blind,ra blind,lh other,rh other,head other,body still
engaged,la blind,ra blind,lh other,rh other,head other,body still
engaged,la blind,ra blind,lh other,rh other,head other,body still
engaged,la blind,ra blind,lh other,rh other,head other,body still
engaged,la blind,ra blind,lh other,rh other,head other,body still
engaged,la blind,ra blind,lh other,rh other,head other,body still
engaged,la blind,ra blind,lh other,rh other,head other,body still
engaged,la blind,ra blind,lh other,rh other,head other,body still
engaged,la blind,ra blind,lh other,rh other,head other,body still
engaged,la blind,ra blind,lh other,rh other,head other,body still
engaged,la blind,ra blind,lh other,rh other,head other,body still
engaged,la blind,ra blind,lh other,rh other,head other,body still
engaged,la blind,ra blind,lh other,rh other,head other,body still
engaged,la blind,ra blind,lh closed right,rh other,head other,body still
engaged,la blind,ra blind,lh closed right,rh other,head other,body still
engaged,la blind,ra blind,lh closed right,rh other,head other,body still
engaged,la blind,ra blind,lh closed right,rh other,head other,body still
engaged,la blind,ra blind,lh closed right,rh other,head other,body still
engaged,la blind,ra blind,lh closed right,rh other,head other,body still
engaged,la blind,ra blind,lh closed right,rh other,head other,body still
engaged,la blind,ra blind,lh closed right,rh other,head other,body still
engaged,la blind,ra blind,lh closed front,rh other,head other,body still
engaged,la blind,ra blind,lh closed front,rh other,head other,body still
engaged,la blind,ra blind,lh closed front,rh other,head other,body still
engaged,la blind,ra blind,lh closed front,rh other,head other,body still
engaged,la blind,ra blind,lh closed front,rh other,head other,body still
engaged,la still,ra blind,lh closed front,rh other,head other,body still
engaged,la still,ra blind,lh closed right,rh other,head other,body still
engaged,la still,ra blind,lh closed right,rh other,head other,body still
engaged,la still,ra blind,lh closed right,rh other,head other,body still
engaged,la still,ra blind,lh closed right,rh other,head other,body still
engaged,la still,ra blind,lh closed right,rh other,head other,body still
engaged,la still,ra blind,lh closed right,rh other,head other,body still
engaged,la still,ra blind,lh closed right,rh other,head other,body still
engaged,la still,ra blind,lh closed right,rh other,head other,body still
engaged,la still,ra blind,lh closed right,rh other,head other,body still
engaged,la still,ra blind,lh closed right,rh other,head other,body still
engaged,la still,ra blind,lh closed right,rh other,head other,body still
engaged,la still,ra blind,lh closed right,rh other,head other,body still
engaged,la still,ra blind,lh closed right,rh other,head other,body still
engaged,la still,ra blind,lh closed right,rh other,head other,body still
engaged,la still,ra blind,lh closed right,rh other,head other,body still
engaged,la still,ra blind,lh closed right,rh other,head other,body still
engaged,la still,ra blind,lh closed right,rh other,head other,body still
engaged,la still,ra blind,lh closed right,rh other,head other,body still
engaged,la still,ra blind,lh closed right,rh other,head other,body still
engaged,la still,ra blind,lh closed right,rh other,head other,body still
engaged,la still,ra blind,lh closed right,rh other,head other,body still
engaged,la still,ra blind,lh closed right,rh other,head other,body still
engaged,la still,ra blind,lh closed back,rh other,head other,body still
engaged,la still,ra blind,lh closed back,rh other,head other,body still
engaged,la still,ra blind,lh closed back,rh other,head other,body still
engaged,la still,ra blind,lh closed back,rh other,head other,body still
engaged,la still,ra blind,lh fist,rh other,head other,body still
engaged,la still,ra blind,rh hands together,rh other,head other,body still
engaged,la still,ra blind,rh hands together,rh other,head other,body still
engaged,la still,ra blind,rh hands together,rh other,head other,body still
engaged,la still,ra blind,lh other,rh other,head other,body still
engaged,la blind,ra blind,lh other,rh other,head other,body still
engaged,la blind,ra blind,lh other,rh other,head other,body still
engaged,la blind,ra blind,lh other,rh other,head other,body still
engaged,la blind,ra blind,lh other,rh other,head other,body still
engaged,la blind,ra blind,lh other,rh other,head other,body still
engaged,la blind,ra blind,lh other,rh other,head other,body still
engaged,la blind,ra blind,lh other,rh other,head other,body still
engaged,la blind,ra blind,lh other,rh other,head other,body still
engaged,la blind,ra blind,lh other,rh other,head other,body still
engaged,la blind,ra blind,lh other,rh other,head other,body still
engaged,la blind,ra blind,lh other,rh closed back,head other,body still
engaged,la blind,ra blind,lh other,rh closed back,head other,body still
engaged,la blind,ra blind,lh other,rh closed back,head other,body still
engaged,la blind,ra blind,lh other,rh closed back,head other,body still
engaged,la blind,ra blind,lh other,rh closed back,head other,body still
engaged,la blind,ra blind,lh other,rh closed back,head other,body still
engaged,la blind,ra blind,lh other,rh closed back,head other,body still
engaged,la blind,ra blind,lh other,rh open left,head other,body still
engaged,la blind,ra blind,lh other,rh open left,head other,body still
engaged,la blind,ra blind,lh other,rh open left,head other,body still
engaged,la blind,ra blind,lh other,rh open left,head other,body still
engaged,la blind,ra blind,lh other,rh claw front,head other,body still
engaged,la blind,ra blind,lh other,rh closed front,head other,body still
engaged,la blind,ra blind,lh other,rh closed front,head other,body still
engaged,la blind,ra blind,lh other,rh closed front,head other,body still
engaged,la blind,ra blind,lh other,rh closed front,head other,body still
engaged,la blind,ra blind,lh other,rh closed front,head other,body still
engaged,la blind,ra still,lh other,rh closed front,head other,body still
engaged,la blind,ra still,lh other,rh closed front,head other,body still
engaged,la blind,ra still,lh other,rh closed front,head other,body still
engaged,la blind,ra still,lh other,rh closed front,head other,body still
engaged,la blind,ra still,lh other,rh closed front,head other,body still
engaged,la blind,ra still,lh other,rh closed front,head other,body still
engaged,la blind,ra still,lh other,rh closed front,head other,body still
engaged,la blind,ra still,lh other,rh closed front,head other,body still
engaged,la blind,ra still,lh other,rh closed front,head other,body still
engaged,la blind,ra still,lh other,rh closed front,head other,body still
engaged,la blind,ra still,lh other,rh closed front,head other,body still
engaged,la blind,ra still,lh other,rh closed front,head other,body still
engaged,la blind,ra still,lh other,rh closed front,head other,body still
engaged,la blind,ra still,lh other,rh closed front,head other,body still
engaged,la blind,ra still,lh other,rh closed front,head other,body still
engaged,la blind,ra still,lh other,rh closed front,head other,body still
engaged,la blind,ra still,lh other,rh closed front,head other,body still
engaged,la blind,ra still,lh other,rh closed front,head other,body still
engaged,la blind,ra still,lh other,rh closed front,head other,body still
engaged,la blind,ra still,lh other,rh closed front,head other,body still
engaged,la blind,ra still,lh other,rh closed front,head other,body still
engaged,la blind,ra still,lh other,rh closed front,head other,body still
engaged,la blind,ra still,lh other,rh closed front,head other,body still
engaged,la blind,ra still,lh other,rh closed front,head other,body still
engaged,la blind,ra still,lh other,rh closed front,head other,body still
engaged,la blind,ra still,lh other,rh closed left,head other,body still
engaged,la blind,ra still,lh other,rh other,head other,body still
engaged,la blind,ra still,lh other,rh closed left,head other,body still
engaged,la blind,ra still,lh other,rh closed back,head other,body still
engaged,la blind,ra still,lh other,rh closed back,head other,body still
engaged,la blind,ra still,lh other,rh closed back,head other,body still
engaged,la blind,ra still,lh other,rh closed back,head other,body still
engaged,la blind,ra still,lh other,rh closed back,head other,body still
engaged,la blind,ra still,lh other,rh open back,head other,body still
engaged,la blind,ra still,lh other,rh open back,head other,body still
engaged,la blind,ra still,lh other,rh open back,head other,body still
engaged,la blind,ra still,lh other,rh open back,head other,body still
engaged,la blind,ra still,lh other,rh other,head other,body still
engaged,la blind,ra blind,lh other,rh other,head other,body still
engaged,la blind,ra blind,lh other,rh other,head other,body still
engaged,la blind,ra blind,lh other,rh other,head other,body still
engaged,la blind,ra blind,lh other,rh other,head other,body still
engaged,la blind,ra blind,lh other,rh other,head other,body still
engaged,la blind,ra blind,lh other,rh other,head other,body still
engaged,la blind,ra blind,lh other,rh other,head other,body still
engaged,la blind,ra blind,lh other,rh other,head other,body still
engaged,la blind,ra blind,lh other,rh other,head other,body still
engaged,la blind,ra blind,lh other,rh other,head other,body still
engaged,la blind,ra blind,lh other,rh other,head other,body still
engaged,la blind,ra blind,lh closed back,rh other,head other,body still
engaged,la blind,ra blind,lh closed back,rh other,head other,body still
engaged,la blind,ra blind,lh closed right,rh other,head other,body still
engaged,la blind,ra blind,lh closed right,rh other,head other,body still
engaged,la blind,ra blind,lh closed right,rh other,head other,body still
engaged,la blind,ra blind,lh closed front,rh other,head other,body still
engaged,la blind,ra blind,lh closed front,rh other,head other,body still
engaged,la blind,ra blind,lh closed front,rh other,head other,body still
engaged,la blind,ra blind,lh closed front,rh other,head other,body still
engaged,la blind,ra blind,lh closed front,rh other,head other,body still
engaged,la blind,ra blind,lh closed front,rh other,head other,body still
engaged,la blind,ra blind,lh closed front,rh other,head other,body still
engaged,la blind,ra blind,lh closed front,rh other,head other,body still
engaged,la blind,ra blind,lh closed front,rh other,head other,body still
engaged,la blind,ra blind,lh closed front,rh other,head other,body still
engaged,la still,ra blind,lh closed front,rh other,head other,body still
engaged,la blind,ra blind,lh closed front,rh other,head other,body still
engaged,la blind,ra blind,lh closed front,rh other,head other,body still
engaged,la blind,ra blind,lh closed front,rh other,head other,body still
engaged,la still,ra blind,lh closed front,rh other,head other,body still
engaged,la still,ra blind,lh closed front,rh other,head other,body still
engaged,la still,ra blind,lh closed front,rh other,head other,body still
engaged,la still,ra blind,lh closed front,rh other,head other,body still
engaged,la still,ra blind,lh closed front,rh other,head other,body still
engaged,la still,ra blind,lh closed front,rh other,head other,body still
engaged,la still,ra blind,lh closed front,rh other,head other,body still
engaged,la still,ra blind,lh closed front,rh other,head other,body still
engaged,la still,ra blind,lh closed front,rh other,head other,body still
engaged,la still,ra blind,lh closed front,rh other,head other,body still
engaged,la still,ra blind,lh closed front,rh other,head other,body still
engaged,la still,ra blind,lh closed front,rh other,head other,body still
engaged,la still,ra blind,lh closed front,rh other,head other,body still
engaged,la still,ra blind,lh closed front,rh other,head other,body still
engaged,la still,ra blind,lh closed front,rh other,head other,body still
engaged,la still,ra blind,lh closed front,rh other,head other,body still
engaged,la still,ra blind,lh closed front,rh other,head other,body still
engaged,la still,ra blind,lh closed front,rh other,head other,body still
engaged,la still,ra blind,lh closed right,rh other,head other,body still
engaged,la still,ra blind,lh closed right,rh other,head other,body still
engaged,la still,ra blind,lh closed right,rh other,head other,body still
engaged,la still,ra blind,lh closed right,rh other,head other,body still
engaged,la still,ra blind,lh point right,rh other,head other,body still
engaged,la still,ra blind,lh point right,rh fist,head other,body still
engaged,la still,ra blind,lh fist,rh other,head other,body still
engaged,la still,ra blind,lh fist,rh other,head other,body still
engaged,la still,ra blind,lh fist,rh closed back,head other,body still
engaged,la still,ra blind,lh fist,rh closed back,head other,body still
engaged,la blind,ra blind,lh other,rh closed back,head other,body still
engaged,la blind,ra blind,lh other,rh closed back,head other,body still
engaged,la blind,ra blind,lh other,rh other,head other,body still
engaged,la blind,ra blind,lh other,rh other,head other,body still
engaged,la blind,ra blind,lh other,rh other,head other,body still
engaged,la blind,ra blind,lh closed back,rh other,head other,body still
engaged,la blind,ra blind,lh closed back,rh other,head other,body still
engaged,la blind,ra blind,lh other,rh other,head other,body still
engaged,la blind,ra blind,lh other,rh other,head other,body still
engaged,la blind,ra blind,lh other,rh other,head other,body still
engaged,la blind,ra blind,lh other,rh other,head other,body still
engaged,la blind,ra blind,lh other,rh other,head other,body still
engaged,la blind,ra blind,lh other,rh other,head other,body still
engaged,la blind,ra blind,lh other,rh other,head other,body still
engaged,la blind,ra blind,lh other,rh other,head other,body still
engaged,la blind,ra blind,lh other,rh other,head other,body still
engaged,la blind,ra blind,lh other,rh other,head other,body still
engaged,la blind,ra blind,lh closed back,rh other,head other,body still
engaged,la blind,ra blind,lh closed back,rh other,head other,body still
engaged,la blind,ra blind,lh closed back,rh other,head other,body still
engaged,la blind,ra blind,lh closed back,rh other,head other,body still
engaged,la blind,ra blind,lh closed back,rh other,head other,body still
engaged,la blind,ra blind,lh closed back,rh other,head other,body still
engaged,la blind,ra blind,lh closed back,rh closed back,head other,body still
engaged,la blind,ra blind,lh other,rh closed back,head other,body still
engaged,la blind,ra blind,lh other,rh closed back,head other,body still
engaged,la blind,ra blind,lh other,rh closed back,head other,body still
engaged,la blind,ra blind,lh other,rh closed back,head other,body still
engaged,la blind,ra blind,lh other,rh closed back,head other,body still
engaged,la blind,ra blind,lh other,rh closed back,head other,body still
engaged,la blind,ra blind,lh other,rh closed back,head other,body still
engaged,la blind,ra blind,lh other,rh closed back,head other,body still
engaged,la blind,ra blind,lh other,rh closed back,head other,body still
engaged,la blind,ra blind,lh other,rh closed back,head other,body still
engaged,la blind,ra blind,lh other,rh closed back,head other,body still
engaged,la blind,ra blind,lh other,rh closed back,head other,body still
engaged,la blind,ra blind,lh other,rh closed back,head other,body still
engaged,la blind,ra blind,lh other,rh closed back,head other,body still
engaged,la blind,ra blind,lh other,rh closed back,head other,body still
engaged,la blind,ra blind,lh other,rh closed back,head other,body still
engaged,la blind,ra blind,lh other,rh closed back,head other,body still
engaged,la blind,ra blind,lh other,rh closed back,head other,body still
engaged,la blind,ra blind,lh fist,rh closed back,head other,body still
engaged,la blind,ra blind,lh other,rh open back,head other,body still
engaged,la blind,ra blind,lh closed back,rh open back,head other,body still
engaged,la blind,ra blind,lh closed back,rh open back,head other,body still
engaged,la blind,ra blind,lh point down,rh point down,head other,body still
engaged,la blind,ra blind,lh point down,rh other,head other,body still
disengaged,la blind,ra blind,lh blind,rh blind,head blind,body still
disengaged,la blind,ra blind,lh blind,rh blind,head blind,body still
disengaged,la blind,ra blind,lh blind,rh blind,head blind,body still
disengaged,la blind,ra blind,lh blind,rh blind,head blind,body still
disengaged,la blind,ra blind,lh blind,rh blind,head blind,body still
disengaged,la blind,ra blind,lh blind,rh blind,head blind,body still
disengaged,la blind,ra blind,lh blind,rh blind,head blind,body still
disengaged,la blind,ra blind,lh blind,rh blind,head blind,body still
disengaged,la blind,ra blind,lh blind,rh blind,head blind,body still
disengaged,la blind,ra blind,lh blind,rh blind,head blind,body still
disengaged,la blind,ra blind,lh blind,rh blind,head blind,body still
disengaged,la blind,ra blind,lh blind,rh blind,head blind,body still
disengaged,la blind,ra blind,lh blind,rh blind,head blind,body still
disengaged,la blind,ra blind,lh blind,rh blind,head blind,body still
disengaged,la blind,ra blind,lh blind,rh blind,head blind,body still
disengaged,la blind,ra blind,lh blind,rh blind,head blind,body still
disengaged,la blind,ra blind,lh blind,rh blind,head blind,body still
disengaged,la blind,ra blind,lh blind,rh blind,head blind,body still
disengaged,la blind,ra blind,lh blind,rh blind,head blind,body still
disengaged,la blind,ra blind,lh blind,rh blind,head blind,body still
disengaged,la blind,ra blind,lh blind,rh blind,head blind,body still
disengaged,la blind,ra blind,lh blind,rh blind,head blind,body still
disengaged,la blind,ra blind,lh blind,rh blind,head blind,body still
disengaged,la blind,ra blind,lh blind,rh blind,head blind,body still
disengaged,la blind,ra blind,lh blind,rh blind,head blind,body still
disengaged,la blind,ra blind,lh blind,rh blind,head blind,body still
disengaged,la blind,ra blind,lh blind,rh blind,head blind,body still
disengaged,la blind,ra blind,lh blind,rh blind,head blind,body still
disengaged,la blind,ra blind,lh blind,rh blind,head blind,body still
disengaged,la blind,ra blind,lh blind,rh blind,head blind,body still
disengaged,la blind,ra blind,lh blind,rh blind,head blind,body still
disengaged,la blind,ra blind,lh blind,rh blind,head blind,body still
disengaged,la blind,ra blind,lh blind,rh blind,head blind,body still
disengaged,la blind,ra blind,lh blind,rh blind,head blind,body still
disengaged,la blind,ra blind,lh blind,rh blind,head blind,body still
disengaged,la blind,ra blind,lh blind,rh blind,head blind,body still
disengaged,la blind,ra blind,lh blind,rh blind,head blind,body still
disengaged,la blind,ra blind,lh blind,rh blind,head blind,body still
disengaged,la blind,ra blind,lh blind,rh blind,head blind,body still
disengaged,la blind,ra blind,lh blind,rh blind,head blind,body still
disengaged,la blind,ra blind,lh blind,rh blind,head blind,body still
disengaged,la blind,ra blind,lh blind,rh blind,head blind,body still
disengaged,la blind,ra blind,lh blind,rh blind,head blind,body still
disengaged,la blind,ra blind,lh blind,rh blind,head blind,body still
disengaged,la blind,ra blind,lh blind,rh blind,head blind,body still
disengaged,la blind,ra blind,lh blind,rh blind,head blind,body still
disengaged,la blind,ra blind,lh blind,rh blind,head blind,body still
disengaged,la blind,ra blind,lh blind,rh blind,head blind,body still
disengaged,la blind,ra blind,lh blind,rh blind,head blind,body still
disengaged,la blind,ra blind,lh blind,rh blind,head blind,body still
disengaged,la blind,ra blind,lh blind,rh blind,head blind,body still
disengaged,la blind,ra blind,lh blind,rh blind,head blind,body still
disengaged,la blind,ra blind,lh blind,rh blind,head blind,body still
disengaged,la blind,ra blind,lh blind,rh blind,head blind,body still
disengaged,la blind,ra blind,lh blind,rh blind,head blind,body still
disengaged,la blind,ra blind,lh blind,rh blind,head blind,body still
disengaged,la blind,ra blind,lh blind,rh blind,head blind,body still
disengaged,la blind,ra blind,lh blind,rh blind,head blind,body still
disengaged,la blind,ra blind,lh blind,rh blind,head blind,body still
disengaged,la blind,ra blind,lh blind,rh blind,head blind,body still
disengaged,la blind,ra blind,lh blind,rh blind,head blind,body still
disengaged,la blind,ra blind,lh blind,rh blind,head blind,body still
disengaged,la blind,ra blind,lh blind,rh blind,head blind,body still
disengaged,la blind,ra blind,lh blind,rh blind,head blind,body still
disengaged,la blind,ra blind,lh blind,rh blind,head blind,body still
disengaged,la blind,ra blind,lh blind,rh blind,head blind,body still
disengaged,la blind,ra blind,lh blind,rh blind,head blind,body still
disengaged,la blind,ra blind,lh blind,rh blind,head blind,body still
disengaged,la blind,ra blind,lh blind,rh blind,head blind,body still
disengaged,la blind,ra blind,lh blind,rh blind,head blind,body still
disengaged,la blind,ra blind,lh blind,rh blind,head blind,body still
disengaged,la blind,ra blind,lh blind,rh blind,head blind,body still
disengaged,la blind,ra blind,lh blind,rh blind,head blind,body still
disengaged,la blind,ra blind,lh blind,rh blind,head blind,body still
disengaged,la blind,ra blind,lh blind,rh blind,head blind,body still
disengaged,la blind,ra blind,lh blind,rh blind,head blind,body still
disengaged,la blind,ra blind,lh blind,rh blind,head blind,body still
disengaged,la blind,ra blind,lh blind,rh blind,head blind,body still
disengaged,la blind,ra blind,lh blind,rh blind,head blind,body still
disengaged,la blind,ra blind,lh blind,rh blind,head blind,body still
disengaged,la blind,ra blind,lh blind,rh blind,head blind,body still
disengaged,la blind,ra blind,lh blind,rh blind,head blind,body still
disengaged,la blind,ra blind,lh blind,rh blind,head blind,body still
disengaged,la blind,ra blind,lh blind,rh blind,head blind,body still
disengaged,la blind,ra blind,lh blind,rh blind,head blind,body still
disengaged,la blind,ra blind,lh blind,rh blind,head blind,body still
disengaged,la blind,ra blind,lh blind,rh blind,head blind,body still
disengaged,la blind,ra blind,lh blind,rh blind,head blind,body still
disengaged,la blind,ra blind,lh blind,rh blind,head blind,body still
disengaged,la blind,ra blind,lh blind,rh blind,head blind,body still
disengaged,la blind,ra blind,lh blind,rh blind,head blind,body still
disengaged,la blind,ra blind,lh blind,rh blind,head blind,body still
disengaged,la blind,ra blind,lh blind,rh blind,head blind,body still
disengaged,la blind,ra blind,lh blind,rh blind,head blind,body still
disengaged,la blind,ra blind,lh blind,rh blind,head blind,body still
disengaged,la blind,ra blind,lh blind,rh blind,head blind,body still
disengaged,la blind,ra blind,lh blind,rh blind,head blind,body still
disengaged,la blind,ra blind,lh blind,rh blind,head blind,body still
disengaged,la blind,ra blind,lh blind,rh blind,head blind,body still
disengaged,la blind,ra blind,lh blind,rh blind,head blind,body still
disengaged,la blind,ra blind,lh blind,rh blind,head blind,body still
disengaged,la blind,ra blind,lh blind,rh blind,head blind,body still
disengaged,la blind,ra blind,lh blind,rh blind,head blind,body still
disengaged,la blind,ra blind,lh blind,rh blind,head blind,body still
disengaged,la blind,ra blind,lh blind,rh blind,head blind,body still
disengaged,la blind,ra blind,lh blind,rh blind,head blind,body still
disengaged,la blind,ra blind,lh blind,rh blind,head blind,body still
disengaged,la blind,ra blind,lh blind,rh blind,head blind,body still
disengaged,la blind,ra blind,lh blind,rh blind,head blind,body still
disengaged,la blind,ra blind,lh blind,rh blind,head blind,body still
disengaged,la blind,ra blind,lh blind,rh blind,head blind,body still
disengaged,la blind,ra blind,lh blind,rh blind,head blind,body still
disengaged,la blind,ra blind,lh blind,rh blind,head blind,body still
disengaged,la blind,ra blind,lh blind,rh blind,head blind,body still
disengaged,la blind,ra blind,lh blind,rh blind,head blind,body still
disengaged,la blind,ra blind,lh blind,rh blind,head blind,body still
disengaged,la blind,ra blind,lh blind,rh blind,head blind,body still
disengaged,la blind,ra blind,lh blind,rh blind,head blind,body still
disengaged,la blind,ra blind,lh blind,rh blind,head blind,body still
disengaged,la blind,ra blind,lh blind,rh blind,head blind,body still
disengaged,la blind,ra blind,lh blind,rh blind,head blind,body still
disengaged,la blind,ra blind,lh blind,rh blind,head blind,body still
disengaged,la blind,ra blind,lh blind,rh blind,head blind,body still
disengaged,la blind,ra blind,lh blind,rh blind,head blind,body still
disengaged,la blind,ra blind,lh blind,rh blind,head blind,body still
disengaged,la blind,ra blind,lh blind,rh blind,head blind,body still
disengaged,la blind,ra blind,lh blind,rh blind,head blind,body still
disengaged,la blind,ra blind,lh blind,rh blind,head blind,body still
disengaged,la blind,ra blind,lh blind,rh blind,head blind,body still
disengaged,la blind,ra blind,lh blind,rh blind,head blind,b